sample,n_clicks,probability_exact,n_counts,probability_approx_2,probability_approx_3,probability_approx_4
1101111111,9,0.012570820865031208,1,0.35064129967002855,0.18289958639006368,0.16210989173268148
1111011111,9,0.005500872984942002,2,0.27783369234077987,0.19939442270098112,0.1321138430724253
1111110111,9,0.009265911713619988,1,0.24347954952441003,0.14596753219502795,0.11085007491979616
1111101111,9,0.016185846922185873,1,0.25113585192339205,0.1475372971487784,0.1227600942254432
