sample,n_clicks,probability_exact,n_counts,probability_approx_2,probability_approx_3,probability_approx_4
11111111,8,0.10234424056071914,1,0.0018241824703733307,0.0013433172905781723,0.0016322004547236803
