sample,n_clicks,probability_exact,n_counts,probability_approx_2,probability_approx_3,probability_approx_4
11100100,4,0.00019723294326807783,1,0.0022579642005202244,0.0023885566474261075,0.0025216205388486237
11010010,4,0.009863650539376528,1,0.03380001127605609,,
11011000,4,0.0036024581639264117,1,0.018370953539980847,,
11000101,4,0.0020719356896408696,1,0.012829260414031495,,
11001010,4,0.0038035448126162307,2,,,
01011010,4,0.00521561218465954,1,0.021923710071970203,,
01100011,4,0.005543207571817731,1,0.026284868116213927,,
10110010,4,0.006529895362722654,1,0.02659157942212872,,0.027729352273379783
11110000,4,0.002025898106049774,1,0.011528250905864536,0.011845880059064092,0.012236304929991833
