sample,n_clicks,probability_exact,n_counts,probability_approx_2,probability_approx_3,probability_approx_4
1111111101111,12,0.0073893346539055955,1,0.031021039388941216,0.020049466907085863,0.012071249431630614
1111111111110,12,0.007969782675591394,2,0.031846632130187104,0.020927991885781018,0.013463734469472705
1111111111011,12,0.008395363507639636,2,0.03593775149461401,0.01915418421887373,0.014168000337826177
